Workbook

Sheet Participants
A1: Participant ID | B1: Họ và tên | C1: Số điện thoại | D1: Loại (IT/Non-IT) | E1: Độ tuổi | F1: Xác nhận không thuộc lớp HW03
A2: P01 | B2: Nguyễn Thiên Phúc | C2: 0941***266 | D2: IT | E2: 22 | F2: TRUE
A3: P02 | B3: Ân Tiến Nguyên Khang | C3: 0367***031 | D3: Non-IT | E3: 18 | F3: TRUE
A4: P03 | B4: Trầm Hữu Nhân | C4: 0559***421 | D4: IT | E4: 21 | F4: FALSE
A5: P04 | B5: Mạch Quốc Tấn | C5: 0934***328 | D5: IT | E5: 21 | F5: FALSE
A6: P05 | B6: Nguyễn Hiền Tuấn Anh | C6: 0772***222 | D6: IT | E6: 21 | F6: TRUE
A7: P06 | B7: Nguyễn Lê Hồ Anh Khoa | C7: 0946***515 | D7: IT | E7: 21 | F7: FALSE
A8: P07 | B8: Nguyễn Tuấn Anh | C8: 0365***674 | D8: IT | E8: 21 | F8: FALSE

Sheet Hướng dẫn
B1: HƯỚNG DẪN TRẢI NGHIỆM HỆ THỐNG (USABILITY TESTING)
B3: Chào bạn, rất cảm ơn bạn đã dành chút thời gian tham gia buổi trải nghiệm hôm nay nhé!
A5: 📌 | B5: Nhiệm vụ của bạn (Task Flow):
B6: Đăng nhập ➔ Quên mật khẩu ➔ Đặt lại mật khẩu mới (2 bước: Nhập email & OTP) ➔ Đăng nhập lại
A8: 💡 | B8: Phương pháp nói to suy nghĩ (Think-Aloud):
B9: Trong lúc làm, nhờ bạn nói to ra những gì mình đang nghĩ trong đầu nhé (ví dụ: đang tìm nút nào, phân vân vì điều gì, hay không chắc chỗ này bấm vào sẽ dẫn đi đâu...). Có bất kỳ suy nghĩ hay cảm xúc gì bạn cứ thoải mái nói ra nha.
B10: Tụi mình đang đánh giá sản phẩm chứ không kiểm tra bạn, nên hoàn toàn không có đúng hay sai đâu nha.
A12: 🔗 | B12: Đường dẫn Website kiểm thử (SUT Link):
B13: https://eshop-sut-23127148.vercel.app
A15: ⚠️ | B15: Lưu ý quan trọng sau khi hoàn thành:
B16: Sau khi hoàn thành luồng, bạn vui lòng chọn đúng tab mang tên mình ở thanh bên dưới (P01 đến P07): - Điền Phần 1 (10 câu đánh giá SUS) vào cột C. - Điền Phần 2 (4 câu hỏi cảm nhận) vào cột C. - Vui lòng KHÔNG sửa đổi bất kỳ phần nào khác của trang tính nhé.
B18: Account: test@eshop.com
B20: 1: Hoàn toàn không đồng ý
B21: 2: Không đồng ý
B22: 3: Trung lập / Bình thường
B23: 4: Đồng ý
B24: 5: Hoàn toàn đồng ý

Sheet P01
A2: NHẬT KÝ PHIÊN KIỂM THỬ KHẢ DỤNG - NGƯỜI DÙNG P01
A3: Mã câu hỏi | B3: Nội dung câu hỏi đánh giá SUS | C3: Điểm đánh giá (1-5)
A4: Q1 | B4: Tôi nghĩ rằng tôi muốn sử dụng hệ thống này thường xuyên. | C4: 1 | E4: Participant ID | F4: P01
A5: Q2 | B5: Tôi thấy hệ thống này quá phức tạp một cách không cần thiết. | C5: 5 | E5: Thời gian bắt đầu | F5: 0.4375
A6: Q3 | B6: Tôi thấy hệ thống này dễ sử dụng. | C6: 2 | E6: Thời gian kết thúc | F6: 0.45833333
A7: Q4 | B7: Tôi nghĩ rằng tôi sẽ cần sự hỗ trợ của nhân viên kỹ thuật để có thể sử dụng hệ thống. | C7: 5 | E7: Hoàn thành task (Y/N) | F7: N
A8: Q5 | B8: Tôi thấy các chức năng của hệ thống được tích hợp rất tốt. | C8: 1 | E8: Số lần cần trợ giúp | F8: 0
A9: Q6 | B9: Tôi thấy hệ thống này có quá nhiều sự thiếu nhất quán | C9: 5
A10: Q7 | B10: Tôi nghĩ rằng hầu hết mọi người có thể học cách sử dụng hệ thống này rất nhanh. | C10: 1 | E10: Odd Item Sum | F10: =SUM(C4,C6,C8,C10,C12)-5 -> 1
A11: Q8 | B11: Tôi thấy hệ thống này rất cồng kềnh/khó sử dụng. | C11: 5 | E11: Even Item Sum | F11: =25-SUM(C5,C7,C9,C11,C13) -> 4
A12: Q9 | B12: Tôi cảm thấy rất tự tin khi sử dụng hệ thống. | C12: 1 | E12: SUS Score | F12: =(F10+F11)*2.5 -> 12.5
A13: Q10 | B13: Tôi cần phải học rất nhiều thứ trước khi có thể bắt đầu sử dụng hệ thống. | C13: 1
A16: 2. CÂU HỎI ĐÀO SÂU (PROBE QUESTIONS) | C16: Câu trả lời nguyên văn (verbatim)
A17: Clarity (Sự rõ ràng) | B17: Bạn có hiểu mình cần phải làm gì ở mỗi bước không? Bước nào rõ ràng/mù mờ nhất? | C17: Chỉ có bước tạo lại mật khẩu quá mù mờ. Hệ thống không nói mật khẩu thiếu điều kiện ở chỗ nào nên người dùng không biết đặt mật khẩu đúng
A18: Clarity (Sự rõ ràng) | B18: Bước nào rõ ràng nhất và bước nào mơ hồ/khó hiểu nhất với bạn? | C18: Bước đăng nhập khá rõ ràng. Bước đặt lại mật khẩu quá mơ hồ
A19: Error Recovery (Sửa lỗi) | B19: Khi nhập sai (email, OTP, pass), hệ thống phản hồi ra sao? | C19: hệ thống báo người dùng ko tồn tại khi nhập sai email, nhập đúng email thì gửi luôn mã otp trên web
A20: Error Recovery (Sửa lỗi) | B20: Bạn có hiểu rõ nội dung thông báo lỗi đó và biết cách sửa cho đúng không? | C20: Không hiểu
A21: Speed (Tốc độ) | B21: Bạn có thấy quá trình đặt lại mật khẩu diễn ra nhanh không? | C21: Không nhanh và không cụ thể
A22: Speed (Tốc độ) | B22: Bước nào trong luồng này làm bạn tốn thời gian nhiều nhất? | C22: Bước đặt lại mật khẩu
A23: Trust (Độ tin cậy) | B23: Đổi mật khẩu xong, bạn có tin rằng mật khẩu của mình đã thực sự được đổi thành công không? | C23: Không
A24: Trust (Độ tin cậy) | B24: Tại sao bạn lại tin tưởng hoặc nghi ngờ điều đó? | C24: Vì hệ thống luôn báo mật khẩu quá yếu

Sheet P02
A2: NHẬT KÝ PHIÊN KIỂM THỬ KHẢ DỤNG - NGƯỜI DÙNG P02
A3: Mã câu hỏi | B3: Nội dung câu hỏi đánh giá SUS | C3: Điểm đánh giá (1-5)
A4: Q1 | B4: Tôi nghĩ rằng tôi muốn sử dụng hệ thống này thường xuyên. | C4: 3 | E4: Participant ID | F4: P02
A5: Q2 | B5: Tôi thấy hệ thống này quá phức tạp một cách không cần thiết. | C5: 3 | E5: Thời gian bắt đầu | F5: 0.875
A6: Q3 | B6: Tôi thấy hệ thống này dễ sử dụng. | C6: 3 | E6: Thời gian kết thúc | F6: 0.88888889
A7: Q4 | B7: Tôi nghĩ rằng tôi sẽ cần sự hỗ trợ của nhân viên kỹ thuật để có thể sử dụng hệ thống. | C7: 4 | E7: Hoàn thành task (Y/N) | F7: N
A8: Q5 | B8: Tôi thấy các chức năng của hệ thống được tích hợp rất tốt. | C8: 3 | E8: Số lần cần trợ giúp | F8: 0
A9: Q6 | B9: Tôi thấy hệ thống này có quá nhiều sự thiếu nhất quán | C9: 4
A10: Q7 | B10: Tôi nghĩ rằng hầu hết mọi người có thể học cách sử dụng hệ thống này rất nhanh. | C10: 3 | E10: Odd Item Sum | F10: =SUM(C4,C6,C8,C10,C12)-5 -> 10
A11: Q8 | B11: Tôi thấy hệ thống này rất cồng kềnh/khó sử dụng. | C11: 3 | E11: Even Item Sum | F11: =25-SUM(C5,C7,C9,C11,C13) -> 9
A12: Q9 | B12: Tôi cảm thấy rất tự tin khi sử dụng hệ thống. | C12: 3 | E12: SUS Score | F12: =(F10+F11)*2.5 -> 47.5
A13: Q10 | B13: Tôi cần phải học rất nhiều thứ trước khi có thể bắt đầu sử dụng hệ thống. | C13: 2
A16: 2. CÂU HỎI ĐÀO SÂU (PROBE QUESTIONS) | C16: Câu trả lời nguyên văn (verbatim)
A17: Clarity (Sự rõ ràng) | B17: Bạn có hiểu mình cần phải làm gì ở mỗi bước không? Bước nào rõ ràng/mù mờ nhất? | C17: Hiểu. Nhưng lúc đổi mật khẩu không có chức năng bật /tắt hiện thị mật khẩu nên khó kiểm tra mật khẩu, nên có thêm điền 2 lần mật khẩu để kiểm tra. Lỗi hiện thị lúc đăng nhập ( hiện thị là đăng kí dù bấm vào đăng nhập). Thiếu chức hiện thị màu để kiểm tra độ mạnh yếu của mặt khẩu
A18: Clarity (Sự rõ ràng) | B18: Bước nào rõ ràng nhất và bước nào mơ hồ/khó hiểu nhất với bạn? | C18: bước nhận Mã OTP dễ hiểu và khó hiểu là bước đặt lại mật khẩu để thoả điều kiện mật khẩu
A19: Error Recovery (Sửa lỗi) | B19: Khi nhập sai (email, OTP, pass), hệ thống phản hồi ra sao? | C19: Thông báo nhập sai, không tồn tại
A20: Error Recovery (Sửa lỗi) | B20: Bạn có hiểu rõ nội dung thông báo lỗi đó và biết cách sửa cho đúng không? | C20: Hiểu lỗi nhưng không đổi được mật khẩu (điều kiện của mật khẩu)
A21: Speed (Tốc độ) | B21: Bạn có thấy quá trình đặt lại mật khẩu diễn ra nhanh không? | C21: Không đổi được mật khẩu
A22: Speed (Tốc độ) | B22: Bước nào trong luồng này làm bạn tốn thời gian nhiều nhất? | C22: Đặt mật khẩu
A23: Trust (Độ tin cậy) | B23: Đổi mật khẩu xong, bạn có tin rằng mật khẩu của mình đã thực sự được đổi thành công không? | C23: Không đổi được mật khẩu
A24: Trust (Độ tin cậy) | B24: Tại sao bạn lại tin tưởng hoặc nghi ngờ điều đó? | C24: Không đổi được mật khẩu

Sheet P03
A2: NHẬT KÝ PHIÊN KIỂM THỬ KHẢ DỤNG - NGƯỜI DÙNG P01
A3: Mã câu hỏi | B3: Nội dung câu hỏi đánh giá SUS | C3: Điểm đánh giá (1-5)
A4: Q1 | B4: Tôi nghĩ rằng tôi muốn sử dụng hệ thống này thường xuyên. | C4: 3 | E4: Participant ID | F4: P03
A5: Q2 | B5: Tôi thấy hệ thống này quá phức tạp một cách không cần thiết. | C5: 1 | E5: Thời gian bắt đầu | F5: 0.47916667
A6: Q3 | B6: Tôi thấy hệ thống này dễ sử dụng. | C6: 4 | E6: Thời gian kết thúc | F6: 0.49305556
A7: Q4 | B7: Tôi nghĩ rằng tôi sẽ cần sự hỗ trợ của nhân viên kỹ thuật để có thể sử dụng hệ thống. | C7: 3 | E7: Hoàn thành task (Y/N) | F7: N
A8: Q5 | B8: Tôi thấy các chức năng của hệ thống được tích hợp rất tốt. | C8: 4 | E8: Số lần cần trợ giúp | F8: 0
A9: Q6 | B9: Tôi thấy hệ thống này có quá nhiều sự thiếu nhất quán | C9: 5
A10: Q7 | B10: Tôi nghĩ rằng hầu hết mọi người có thể học cách sử dụng hệ thống này rất nhanh. | C10: 5 | E10: Odd Item Sum | F10: =SUM(C4,C6,C8,C10,C12)-5 -> 15
A11: Q8 | B11: Tôi thấy hệ thống này rất cồng kềnh/khó sử dụng. | C11: 3 | E11: Even Item Sum | F11: =25-SUM(C5,C7,C9,C11,C13) -> 10
A12: Q9 | B12: Tôi cảm thấy rất tự tin khi sử dụng hệ thống. | C12: 4 | E12: SUS Score | F12: =(F10+F11)*2.5 -> 62.5
A13: Q10 | B13: Tôi cần phải học rất nhiều thứ trước khi có thể bắt đầu sử dụng hệ thống. | C13: 3
A16: 2. CÂU HỎI ĐÀO SÂU (PROBE QUESTIONS) | C16: Câu trả lời nguyên văn (verbatim)
A17: Clarity (Sự rõ ràng) | B17: Bạn có hiểu mình cần phải làm gì ở mỗi bước không? Bước nào rõ ràng/mù mờ nhất? | C17: Hiểu. Để đặt mật khẩu mới khi quên mật khẩu thì tôi cần đăng nhập vào email -> nhập OTP -> thiết lập mật khẩu mới
A18: Clarity (Sự rõ ràng) | B18: Bước nào rõ ràng nhất và bước nào mơ hồ/khó hiểu nhất với bạn? | C18: Bước nhập mã OTP dễ hiểu vì hiển ứng dụng hiển thị rõ ràng, còn ở bước đặt mật khẩu mới thì không hiểu tại sao bị lỗi
A19: Error Recovery (Sửa lỗi) | B19: Khi nhập sai (email, OTP, pass), hệ thống phản hồi ra sao? | C19: Thông báo nhập k hợp lệ
A20: Error Recovery (Sửa lỗi) | B20: Bạn có hiểu rõ nội dung thông báo lỗi đó và biết cách sửa cho đúng không? | C20: Có. Phải tuân theo các nguyên tắc đặt mật khẩu ở trên thông báo
A21: Speed (Tốc độ) | B21: Bạn có thấy quá trình đặt lại mật khẩu diễn ra nhanh không? | C21: Có
A22: Speed (Tốc độ) | B22: Bước nào trong luồng này làm bạn tốn thời gian nhiều nhất? | C22: Đặt mật khẩu mới vì phải đúng theo các nguyên tắc
A23: Trust (Độ tin cậy) | B23: Đổi mật khẩu xong, bạn có tin rằng mật khẩu của mình đã thực sự được đổi thành công không? | C23: Không
A24: Trust (Độ tin cậy) | B24: Tại sao bạn lại tin tưởng hoặc nghi ngờ điều đó? | C24: Vì tôi không thể thiết lập mật khẩu mới

Sheet P04
A2: NHẬT KÝ PHIÊN KIỂM THỬ KHẢ DỤNG - NGƯỜI DÙNG P01
A3: Mã câu hỏi | B3: Nội dung câu hỏi đánh giá SUS | C3: Điểm đánh giá (1-5)
A4: Q1 | B4: Tôi nghĩ rằng tôi muốn sử dụng hệ thống này thường xuyên. | C4: 1 | E4: Participant ID | F4: P04
A5: Q2 | B5: Tôi thấy hệ thống này quá phức tạp một cách không cần thiết. | C5: 5 | E5: Thời gian bắt đầu | F5: 0.64583333
A6: Q3 | B6: Tôi thấy hệ thống này dễ sử dụng. | C6: 2 | E6: Thời gian kết thúc | F6: 0.66111111
A7: Q4 | B7: Tôi nghĩ rằng tôi sẽ cần sự hỗ trợ của nhân viên kỹ thuật để có thể sử dụng hệ thống. | C7: 5 | E7: Hoàn thành task (Y/N) | F7: N
A8: Q5 | B8: Tôi thấy các chức năng của hệ thống được tích hợp rất tốt. | C8: 2 | E8: Số lần cần trợ giúp | F8: 0
A9: Q6 | B9: Tôi thấy hệ thống này có quá nhiều sự thiếu nhất quán | C9: 4
A10: Q7 | B10: Tôi nghĩ rằng hầu hết mọi người có thể học cách sử dụng hệ thống này rất nhanh. | C10: 3 | E10: Odd Item Sum | F10: =SUM(C4,C6,C8,C10,C12)-5 -> 8
A11: Q8 | B11: Tôi thấy hệ thống này rất cồng kềnh/khó sử dụng. | C11: 3 | E11: Even Item Sum | F11: =25-SUM(C5,C7,C9,C11,C13) -> 7
A12: Q9 | B12: Tôi cảm thấy rất tự tin khi sử dụng hệ thống. | C12: 5 | E12: SUS Score | F12: =(F10+F11)*2.5 -> 37.5
A13: Q10 | B13: Tôi cần phải học rất nhiều thứ trước khi có thể bắt đầu sử dụng hệ thống. | C13: 1
A16: 2. CÂU HỎI ĐÀO SÂU (PROBE QUESTIONS) | C16: Câu trả lời nguyên văn (verbatim)
A17: Clarity (Sự rõ ràng) | B17: Bạn có hiểu mình cần phải làm gì ở mỗi bước không? Bước nào rõ ràng/mù mờ nhất? | C17: Tôi thấy minh biết cần làm gì nhờ các hiển thị trên website, bước nhập lại mật khẩu mới làm tôi thấy phân vân sao nhập đúng rồi mà vẫn không được
A18: Clarity (Sự rõ ràng) | B18: Bước nào rõ ràng nhất và bước nào mơ hồ/khó hiểu nhất với bạn? | C18: Bước nhập mật khẩu mới khiến tôi khó hiểu nhất
A19: Error Recovery (Sửa lỗi) | B19: Khi nhập sai (email, OTP, pass), hệ thống phản hồi ra sao? | C19: Tôi quên luôn mật khẩu nên chưa có dịp để kiểm tra cái này
A20: Error Recovery (Sửa lỗi) | B20: Bạn có hiểu rõ nội dung thông báo lỗi đó và biết cách sửa cho đúng không? | C20: Chưa có cơ hội được thấy
A21: Speed (Tốc độ) | B21: Bạn có thấy quá trình đặt lại mật khẩu diễn ra nhanh không? | C21: Tôi thấy cũng nhanh mà bị vấn đề là không đặt lại mật khẩu mới được làm tôi mất thời gian tìm kĩ thuật hỗ trợ
A22: Speed (Tốc độ) | B22: Bước nào trong luồng này làm bạn tốn thời gian nhiều nhất? | C22: Bước nhập mất khẩu mới
A23: Trust (Độ tin cậy) | B23: Đổi mật khẩu xong, bạn có tin rằng mật khẩu của mình đã thực sự được đổi thành công không? | C23: Tôi chưa thực hiện được việc đổi mật khẩu thành công
A24: Trust (Độ tin cậy) | B24: Tại sao bạn lại tin tưởng hoặc nghi ngờ điều đó? | C24: Tôi thấy tôi đổi mật khẩu không được do cứ báo lỗi mật khẩu yếu

Sheet P05
A2: NHẬT KÝ PHIÊN KIỂM THỬ KHẢ DỤNG - NGƯỜI DÙNG P01
A3: Mã câu hỏi | B3: Nội dung câu hỏi đánh giá SUS | C3: Điểm đánh giá (1-5)
A4: Q1 | B4: Tôi nghĩ rằng tôi muốn sử dụng hệ thống này thường xuyên. | C4: 1 | E4: Participant ID | F4: P05
A5: Q2 | B5: Tôi thấy hệ thống này quá phức tạp một cách không cần thiết. | C5: 2 | E5: Thời gian bắt đầu | F5: 0.43055556
A6: Q3 | B6: Tôi thấy hệ thống này dễ sử dụng. | C6: 4 | E6: Thời gian kết thúc | F6: 0.4375
A7: Q4 | B7: Tôi nghĩ rằng tôi sẽ cần sự hỗ trợ của nhân viên kỹ thuật để có thể sử dụng hệ thống. | C7: 5 | E7: Hoàn thành task (Y/N) | F7: N
A8: Q5 | B8: Tôi thấy các chức năng của hệ thống được tích hợp rất tốt. | C8: 2 | E8: Số lần cần trợ giúp | F8: 0
A9: Q6 | B9: Tôi thấy hệ thống này có quá nhiều sự thiếu nhất quán | C9: 5
A10: Q7 | B10: Tôi nghĩ rằng hầu hết mọi người có thể học cách sử dụng hệ thống này rất nhanh. | C10: 3 | E10: Odd Item Sum | F10: =SUM(C4,C6,C8,C10,C12)-5 -> 9
A11: Q8 | B11: Tôi thấy hệ thống này rất cồng kềnh/khó sử dụng. | C11: 2 | E11: Even Item Sum | F11: =25-SUM(C5,C7,C9,C11,C13) -> 10
A12: Q9 | B12: Tôi cảm thấy rất tự tin khi sử dụng hệ thống. | C12: 4 | E12: SUS Score | F12: =(F10+F11)*2.5 -> 47.5
A13: Q10 | B13: Tôi cần phải học rất nhiều thứ trước khi có thể bắt đầu sử dụng hệ thống. | C13: 1
A16: 2. CÂU HỎI ĐÀO SÂU (PROBE QUESTIONS) | C16: Câu trả lời nguyên văn (verbatim)
A17: Clarity (Sự rõ ràng) | B17: Bạn có hiểu mình cần phải làm gì ở mỗi bước không? Bước nào rõ ràng/mù mờ nhất? | C17: Hiểu quả trình làm ở quy trình Quên mật khẩu do đã tiếp xúc rất nhiều trang web
A18: Clarity (Sự rõ ràng) | B18: Bước nào rõ ràng nhất và bước nào mơ hồ/khó hiểu nhất với bạn? | C18: Quy trình Quên mật khẩu rõ ràng nhập Email để trả về OTP, nhưng còn mơ hồ là OTP hiện thẳng lên UI
A19: Error Recovery (Sửa lỗi) | B19: Khi nhập sai (email, OTP, pass), hệ thống phản hồi ra sao? | C19: Pop-up hệ thống hiện ra để người dùng chỉnh sửa liền
A20: Error Recovery (Sửa lỗi) | B20: Bạn có hiểu rõ nội dung thông báo lỗi đó và biết cách sửa cho đúng không? | C20: Hiểu rõ nội dung
A21: Speed (Tốc độ) | B21: Bạn có thấy quá trình đặt lại mật khẩu diễn ra nhanh không? | C21: Không do nhập kiểu nào cũng không cho đổi
A22: Speed (Tốc độ) | B22: Bước nào trong luồng này làm bạn tốn thời gian nhiều nhất? | C22: Nhập mật khẩu mới
A23: Trust (Độ tin cậy) | B23: Đổi mật khẩu xong, bạn có tin rằng mật khẩu của mình đã thực sự được đổi thành công không? | C23: Không
A24: Trust (Độ tin cậy) | B24: Tại sao bạn lại tin tưởng hoặc nghi ngờ điều đó? | C24: Tại vì không đổi được mật khẩu dù đặt theo quy định rồi

Sheet P06
A2: NHẬT KÝ PHIÊN KIỂM THỬ KHẢ DỤNG - NGƯỜI DÙNG P01
A3: Mã câu hỏi | B3: Nội dung câu hỏi đánh giá SUS | C3: Điểm đánh giá (1-5)
A4: Q1 | B4: Tôi nghĩ rằng tôi muốn sử dụng hệ thống này thường xuyên. | C4: 2 | E4: Participant ID | F4: P06
A5: Q2 | B5: Tôi thấy hệ thống này quá phức tạp một cách không cần thiết. | C5: 3 | E5: Thời gian bắt đầu | F5: 0.89930556
A6: Q3 | B6: Tôi thấy hệ thống này dễ sử dụng. | C6: 1 | E6: Thời gian kết thúc | F6: 0.90625
A7: Q4 | B7: Tôi nghĩ rằng tôi sẽ cần sự hỗ trợ của nhân viên kỹ thuật để có thể sử dụng hệ thống. | C7: 1 | E7: Hoàn thành task (Y/N) | F7: N
A8: Q5 | B8: Tôi thấy các chức năng của hệ thống được tích hợp rất tốt. | C8: 3 | E8: Số lần cần trợ giúp | F8: 0
A9: Q6 | B9: Tôi thấy hệ thống này có quá nhiều sự thiếu nhất quán | C9: 3
A10: Q7 | B10: Tôi nghĩ rằng hầu hết mọi người có thể học cách sử dụng hệ thống này rất nhanh. | C10: 2 | E10: Odd Item Sum | F10: =SUM(C4,C6,C8,C10,C12)-5 -> 6
A11: Q8 | B11: Tôi thấy hệ thống này rất cồng kềnh/khó sử dụng. | C11: 5 | E11: Even Item Sum | F11: =25-SUM(C5,C7,C9,C11,C13) -> 11
A12: Q9 | B12: Tôi cảm thấy rất tự tin khi sử dụng hệ thống. | C12: 3 | E12: SUS Score | F12: =(F10+F11)*2.5 -> 42.5
A13: Q10 | B13: Tôi cần phải học rất nhiều thứ trước khi có thể bắt đầu sử dụng hệ thống. | C13: 2
A16: 2. CÂU HỎI ĐÀO SÂU (PROBE QUESTIONS) | C16: Câu trả lời nguyên văn (verbatim)
A17: Clarity (Sự rõ ràng) | B17: Bạn có hiểu mình cần phải làm gì ở mỗi bước không? Bước nào rõ ràng/mù mờ nhất? | C17: Hiểu, quy trình khá đơn giản
A18: Clarity (Sự rõ ràng) | B18: Bước nào rõ ràng nhất và bước nào mơ hồ/khó hiểu nhất với bạn? | C18: Tại sao OTP không gửi về email mà hiện lên màn hình
A19: Error Recovery (Sửa lỗi) | B19: Khi nhập sai (email, OTP, pass), hệ thống phản hồi ra sao? | C19: Tôi chưa thử nên không biết
A20: Error Recovery (Sửa lỗi) | B20: Bạn có hiểu rõ nội dung thông báo lỗi đó và biết cách sửa cho đúng không? | C20: Tôi chưa thử nên không biết
A21: Speed (Tốc độ) | B21: Bạn có thấy quá trình đặt lại mật khẩu diễn ra nhanh không? | C21: Không, do tôi không nhập mật khẩu mới được mặc dù đã điền đúng quy định
A22: Speed (Tốc độ) | B22: Bước nào trong luồng này làm bạn tốn thời gian nhiều nhất? | C22: Bước nhập mật khẩu mới
A23: Trust (Độ tin cậy) | B23: Đổi mật khẩu xong, bạn có tin rằng mật khẩu của mình đã thực sự được đổi thành công không? | C23: Tôi không biết, tôi không thể thực hiện bước tiếp theo
A24: Trust (Độ tin cậy) | B24: Tại sao bạn lại tin tưởng hoặc nghi ngờ điều đó? | C24: Tôi nhập đúng quy định nhưng hệ thống không xác nhận

Sheet P07
A2: NHẬT KÝ PHIÊN KIỂM THỬ KHẢ DỤNG - NGƯỜI DÙNG P01
A3: Mã câu hỏi | B3: Nội dung câu hỏi đánh giá SUS | C3: Điểm đánh giá (1-5)
A4: Q1 | B4: Tôi nghĩ rằng tôi muốn sử dụng hệ thống này thường xuyên. | C4: 4 | E4: Participant ID | F4: P07
A5: Q2 | B5: Tôi thấy hệ thống này quá phức tạp một cách không cần thiết. | C5: 1 | F5: 0.625
A6: Q3 | B6: Tôi thấy hệ thống này dễ sử dụng. | C6: 4 | F6: 0.64583333
A7: Q4 | B7: Tôi nghĩ rằng tôi sẽ cần sự hỗ trợ của nhân viên kỹ thuật để có thể sử dụng hệ thống. | C7: 3 | E7: Hoàn thành task (Y/N) | F7: N
A8: Q5 | B8: Tôi thấy các chức năng của hệ thống được tích hợp rất tốt. | C8: 2 | E8: Số lần cần trợ giúp | F8: 0
A9: Q6 | B9: Tôi thấy hệ thống này có quá nhiều sự thiếu nhất quán | C9: 1
A10: Q7 | B10: Tôi nghĩ rằng hầu hết mọi người có thể học cách sử dụng hệ thống này rất nhanh. | C10: 5 | E10: Odd Item Sum | F10: =SUM(C4,C6,C8,C10,C12)-5 -> 14
A11: Q8 | B11: Tôi thấy hệ thống này rất cồng kềnh/khó sử dụng. | C11: 2 | E11: Even Item Sum | F11: =25-SUM(C5,C7,C9,C11,C13) -> 17
A12: Q9 | B12: Tôi cảm thấy rất tự tin khi sử dụng hệ thống. | C12: 4 | E12: SUS Score | F12: =(F10+F11)*2.5 -> 77.5
A13: Q10 | B13: Tôi cần phải học rất nhiều thứ trước khi có thể bắt đầu sử dụng hệ thống. | C13: 1
A16: 2. CÂU HỎI ĐÀO SÂU (PROBE QUESTIONS) | C16: Câu trả lời nguyên văn (verbatim)
A17: Clarity (Sự rõ ràng) | B17: Bạn có hiểu mình cần phải làm gì ở mỗi bước không? Bước nào rõ ràng/mù mờ nhất? | C17: các bước khá rõ ràng, không cần làm rõ
A18: Clarity (Sự rõ ràng) | B18: Bước nào rõ ràng nhất và bước nào mơ hồ/khó hiểu nhất với bạn? | C18: mình thấy các bước rõ ràng, không có bước nào mơ hồ
A19: Error Recovery (Sửa lỗi) | B19: Khi nhập sai (email, OTP, pass), hệ thống phản hồi ra sao? | C19: khi sai email mình thấy hệ thống có báo không tìm thấy user, đúng ý mình
A20: Error Recovery (Sửa lỗi) | B20: Bạn có hiểu rõ nội dung thông báo lỗi đó và biết cách sửa cho đúng không? | C20: mình có
A21: Speed (Tốc độ) | B21: Bạn có thấy quá trình đặt lại mật khẩu diễn ra nhanh không? | C21: có, quá trình nhanh chóng
A22: Speed (Tốc độ) | B22: Bước nào trong luồng này làm bạn tốn thời gian nhiều nhất? | C22: bước đặt lại mật khẩu, cần phải biết là mật khẩu phải thoả mãn validation
A23: Trust (Độ tin cậy) | B23: Đổi mật khẩu xong, bạn có tin rằng mật khẩu của mình đã thực sự được đổi thành công không? | C23: mình không chắc, tại web lỗi không validate mật khẩu được
A24: Trust (Độ tin cậy) | B24: Tại sao bạn lại tin tưởng hoặc nghi ngờ điều đó? | C24: tại vì mình không validate được mật khẩu dù đã đúng các tiêu chí web cảnh báo

Sheet Probe Questions
A1: Participant ID | B1: Clarity | C1: Error Recovery | D1: Speed | E1: Trust
A2: P01 | B2: =CONCATENATE('P01'!C17, CHAR(10), 'P01'!C18) -> Chỉ có bước tạo lại mật khẩu quá mù mờ. Hệ thống không nói mật khẩu thiếu điều kiện ở chỗ nào nên người dùng không biết đặt mật khẩu đúng Bước đăng nhập khá rõ ràng. Bước đặt lại mật khẩu quá mơ hồ | C2: =CONCATENATE('P01'!C19, CHAR(10), 'P01'!C20) -> hệ thống báo người dùng ko tồn tại khi nhập sai email, nhập đúng email thì gửi luôn mã otp trên web Không hiểu | D2: =CONCATENATE('P01'!C21, CHAR(10), 'P01'!C22) -> Không nhanh và không cụ thể Bước đặt lại mật khẩu | E2: =CONCATENATE('P01'!C23, CHAR(10), 'P01'!C24) -> Không Vì hệ thống luôn báo mật khẩu quá yếu
A3: P02 | B3: =CONCATENATE('P02'!C17, CHAR(10), 'P02'!C18) -> Hiểu. Nhưng lúc đổi mật khẩu không có chức năng bật /tắt hiện thị mật khẩu nên khó kiểm tra mật khẩu, nên có thêm điền 2 lần mật khẩu để kiểm tra. Lỗi hiện thị lúc đăng nhập ( hiện thị là đăng kí dù bấm vào đăng nhập). Thiếu chức hiện thị màu để kiểm tra độ mạnh yếu của mặt khẩu bước nhận Mã OTP dễ hiểu và khó hiểu là bước đặt lại mật khẩu để thoả điều kiện mật khẩu | C3: =CONCATENATE('P02'!C19, CHAR(10), 'P02'!C20) -> Thông báo nhập sai, không tồn tại Hiểu lỗi nhưng không đổi được mật khẩu (điều kiện của mật khẩu) | D3: =CONCATENATE('P02'!C21, CHAR(10), 'P02'!C22) -> Không đổi được mật khẩu Đặt mật khẩu | E3: =CONCATENATE('P02'!C23, CHAR(10), 'P02'!C24) -> Không đổi được mật khẩu Không đổi được mật khẩu
A4: P03 | B4: =CONCATENATE('P03'!C17, CHAR(10), 'P03'!C18) -> Hiểu. Để đặt mật khẩu mới khi quên mật khẩu thì tôi cần đăng nhập vào email -> nhập OTP -> thiết lập mật khẩu mới Bước nhập mã OTP dễ hiểu vì hiển ứng dụng hiển thị rõ ràng, còn ở bước đặt mật khẩu mới thì không hiểu tại sao bị lỗi | C4: =CONCATENATE('P03'!C19, CHAR(10), 'P03'!C20) -> Thông báo nhập k hợp lệ Có. Phải tuân theo các nguyên tắc đặt mật khẩu ở trên thông báo | D4: =CONCATENATE('P03'!C21, CHAR(10), 'P03'!C22) -> Có Đặt mật khẩu mới vì phải đúng theo các nguyên tắc | E4: =CONCATENATE('P03'!C23, CHAR(10), 'P03'!C24) -> Không Vì tôi không thể thiết lập mật khẩu mới
A5: P04 | B5: =CONCATENATE('P04'!C17, CHAR(10), 'P04'!C18) -> Tôi thấy minh biết cần làm gì nhờ các hiển thị trên website, bước nhập lại mật khẩu mới làm tôi thấy phân vân sao nhập đúng rồi mà vẫn không được Bước nhập mật khẩu mới khiến tôi khó hiểu nhất | C5: =CONCATENATE('P04'!C19, CHAR(10), 'P04'!C20) -> Tôi quên luôn mật khẩu nên chưa có dịp để kiểm tra cái này Chưa có cơ hội được thấy | D5: =CONCATENATE('P04'!C21, CHAR(10), 'P04'!C22) -> Tôi thấy cũng nhanh mà bị vấn đề là không đặt lại mật khẩu mới được làm tôi mất thời gian tìm kĩ thuật hỗ trợ Bước nhập mất khẩu mới | E5: =CONCATENATE('P04'!C23, CHAR(10), 'P04'!C24) -> Tôi chưa thực hiện được việc đổi mật khẩu thành công Tôi thấy tôi đổi mật khẩu không được do cứ báo lỗi mật khẩu yếu
A6: P05 | B6: =CONCATENATE('P05'!C17, CHAR(10), 'P05'!C18) -> Hiểu quả trình làm ở quy trình Quên mật khẩu do đã tiếp xúc rất nhiều trang web Quy trình Quên mật khẩu rõ ràng nhập Email để trả về OTP, nhưng còn mơ hồ là OTP hiện thẳng lên UI | C6: =CONCATENATE('P05'!C19, CHAR(10), 'P05'!C20) -> Pop-up hệ thống hiện ra để người dùng chỉnh sửa liền Hiểu rõ nội dung | D6: =CONCATENATE('P05'!C21, CHAR(10), 'P05'!C22) -> Không do nhập kiểu nào cũng không cho đổi Nhập mật khẩu mới | E6: =CONCATENATE('P05'!C23, CHAR(10), 'P05'!C24) -> Không Tại vì không đổi được mật khẩu dù đặt theo quy định rồi
A7: P06 | B7: =CONCATENATE('P06'!C17, CHAR(10), 'P06'!C18) -> Hiểu, quy trình khá đơn giản Tại sao OTP không gửi về email mà hiện lên màn hình | C7: =CONCATENATE('P06'!C19, CHAR(10), 'P06'!C20) -> Tôi chưa thử nên không biết Tôi chưa thử nên không biết | D7: =CONCATENATE('P06'!C21, CHAR(10), 'P06'!C22) -> Không, do tôi không nhập mật khẩu mới được mặc dù đã điền đúng quy định Bước nhập mật khẩu mới | E7: =CONCATENATE('P06'!C23, CHAR(10), 'P06'!C24) -> Tôi không biết, tôi không thể thực hiện bước tiếp theo Tôi nhập đúng quy định nhưng hệ thống không xác nhận
A8: P07 | B8: =CONCATENATE('P07'!C17, CHAR(10), 'P07'!C18) -> các bước khá rõ ràng, không cần làm rõ mình thấy các bước rõ ràng, không có bước nào mơ hồ | C8: =CONCATENATE('P07'!C19, CHAR(10), 'P07'!C20) -> khi sai email mình thấy hệ thống có báo không tìm thấy user, đúng ý mình mình có | D8: =CONCATENATE('P07'!C21, CHAR(10), 'P07'!C22) -> có, quá trình nhanh chóng bước đặt lại mật khẩu, cần phải biết là mật khẩu phải thoả mãn validation | E8: =CONCATENATE('P07'!C23, CHAR(10), 'P07'!C24) -> mình không chắc, tại web lỗi không validate mật khẩu được tại vì mình không validate được mật khẩu dù đã đúng các tiêu chí web cảnh báo

Sheet Session Log
A1: Participant ID | B1: Thời gian bắt đầu | C1: Thời gian kết thúc | D1: Thời lượng (phút) | E1: Hoàn thành task | F1: Số lần cần trợ giúp | G1: Ghi chú friction point chính
A2: P01 | B2: ='P01'!F5 -> 0.4375 | C2: ='P01'!F6 -> 0.45833333 | D2: =IF(OR(ISBLANK(B2), ISBLANK(C2)), "", ROUND((C2-B2)*1440, 0)) -> 30 | E2: ='P01'!F7 -> N | F2: ='P01'!F8 -> 0 | G2: Không đổi được mật khẩu do lỗi Regex validate
A3: P02 | B3: ='P02'!F5 -> 0.875 | C3: ='P02'!F6 -> 0.88888889 | D3: =IF(OR(ISBLANK(B3), ISBLANK(C3)), "", ROUND((C3-B3)*1440, 0)) -> 20 | E3: ='P02'!F7 -> N | F3: ='P02'!F8 -> 0 | G3: Không đổi được mật khẩu do lỗi Regex validate
A4: P03 | B4: ='P03'!F5 -> 0.47916667 | C4: ='P03'!F6 -> 0.49305556 | D4: =IF(OR(ISBLANK(B4), ISBLANK(C4)), "", ROUND((C4-B4)*1440, 0)) -> 20 | E4: ='P03'!F7 -> N | F4: ='P03'!F8 -> 0 | G4: Không đổi được mật khẩu do lỗi Regex validate
A5: P04 | B5: ='P04'!F5 -> 0.64583333 | C5: ='P04'!F6 -> 0.66111111 | D5: =IF(OR(ISBLANK(B5), ISBLANK(C5)), "", ROUND((C5-B5)*1440, 0)) -> 22 | E5: ='P04'!F7 -> N | F5: ='P04'!F8 -> 0 | G5: Không đổi được mật khẩu do lỗi Regex validate
A6: P05 | B6: ='P05'!F5 -> 0.43055556 | C6: ='P05'!F6 -> 0.4375 | D6: =IF(OR(ISBLANK(B6), ISBLANK(C6)), "", ROUND((C6-B6)*1440, 0)) -> 10 | E6: ='P05'!F7 -> N | F6: ='P05'!F8 -> 0 | G6: Không đổi được mật khẩu do lỗi Regex validate
A7: P06 | B7: ='P06'!F5 -> 0.89930556 | C7: ='P06'!F6 -> 0.90625 | D7: =IF(OR(ISBLANK(B7), ISBLANK(C7)), "", ROUND((C7-B7)*1440, 0)) -> 10 | E7: ='P06'!F7 -> N | F7: ='P06'!F8 -> 0 | G7: Không đổi được mật khẩu do lỗi Regex validate
A8: P07 | B8: ='P07'!F5 -> 0.625 | C8: ='P07'!F6 -> 0.64583333 | D8: =IF(OR(ISBLANK(B8), ISBLANK(C8)), "", ROUND((C8-B8)*1440, 0)) -> 30 | E8: ='P07'!F7 -> N | F8: ='P07'!F8 -> 0 | G8: Không đổi được mật khẩu do lỗi Regex validate

Sheet Bugs & Findings
A1: Bug ID | B1: Mô tả | C1: Participant(s) liên quan | D1: Loại (Isolated Bug/Systemic Issue) | E1: Mức độ (Blocker/Major/Minor) | F1: Link GitHub Issue | G1: Link Screenshot
A2: BUG-FORGOT-006 | B2: Regex kiểm tra mật khẩu mới bắt buộc phải chứa khoảng trắng (\s) thay vì ký tự đặc biệt, khiến tất cả người dùng không thể đổi mật khẩu mặc dù đã nhập đúng quy chuẩn bảo mật (chữ hoa, chữ thường, số, ký tự đặc biệt). | C2: P01, P02, P03, P04, P05, P06, P07 | D2: Systemic Issue | E2: Blocker | F2: https://github.com/yuran1811/hcmus-sw-testing--eshop-sut/issues/6 | G2: https://github.com/yuran1811/hcmus-sw-testing--eshop-sut/blob/main/HW3/Task1_GUI/Evidences/GUI-FORGOT-IA02-10.png
A3: BUG-FORGOT-005 | B3: Form đổi mật khẩu ở Bước 2 thiếu trường "Xác nhận mật khẩu mới", đồng thời nhãn nhập OTP hiển thị sai thông tin "Mã OTP (4 số)" trong khi thực tế mã OTP gồm 6 chữ số. | C3: P02, P03, P04, P05, P06, P07 | D3: Systemic Issue | E3: Major | F3: https://github.com/yuran1811/hcmus-sw-testing--eshop-sut/issues/5 | G3: https://github.com/yuran1811/hcmus-sw-testing--eshop-sut/blob/main/HW3/Task1_GUI/Evidences/GUI-FORGOT-IA02-05.png

Sheet Summary
A1: BẢNG TỔNG HỢP KẾT QUẢ USABILITY TESTING
A3: Họ và tên: | B3: Ân Tiến Nguyên An
A4: MSSV: | B4: 23127148
A5: Lớp: | B5: 23KTPM3
A6: Link website: | B6: https://eshop-sut-23127148.vercel.app
A7: Luồng kiểm thử: | B7: Đăng nhập ➔ Quên mật khẩu ➔ Đặt lại mật khẩu mới (2 bước: Nhập email & OTP) ➔ Đăng nhập lại
A8: Task scenario:
A10: Participant ID | B10: SUS Score | C10: Hoàn thành task (Y/N) | D10: Thời gian hoàn thành
A11: P01 | B11: ='P01'!F12 -> 12.5 | C11: ='P01'!F7 -> N | D11: =IF(OR(ISBLANK('P01'!F5), ISBLANK('P01'!F6)), "", ROUND(('P01'!F6-'P01'!F5)*1440, 0)) -> 30
A12: P02 | B12: ='P02'!F12 -> 47.5 | C12: ='P02'!F7 -> N | D12: =IF(OR(ISBLANK('P02'!F5), ISBLANK('P02'!F6)), "", ROUND(('P02'!F6-'P02'!F5)*1440, 0)) -> 20
A13: P03 | B13: ='P03'!F12 -> 62.5 | C13: ='P03'!F7 -> N | D13: =IF(OR(ISBLANK('P03'!F5), ISBLANK('P03'!F6)), "", ROUND(('P03'!F6-'P03'!F5)*1440, 0)) -> 20
A14: P04 | B14: ='P04'!F12 -> 37.5 | C14: ='P04'!F7 -> N | D14: =IF(OR(ISBLANK('P04'!F5), ISBLANK('P04'!F6)), "", ROUND(('P04'!F6-'P04'!F5)*1440, 0)) -> 22
A15: P05 | B15: ='P05'!F12 -> 47.5 | C15: ='P05'!F7 -> N | D15: =IF(OR(ISBLANK('P05'!F5), ISBLANK('P05'!F6)), "", ROUND(('P05'!F6-'P05'!F5)*1440, 0)) -> 10
A16: P06 | B16: ='P06'!F12 -> 42.5 | C16: ='P06'!F7 -> N | D16: =IF(OR(ISBLANK('P06'!F5), ISBLANK('P06'!F6)), "", ROUND(('P06'!F6-'P06'!F5)*1440, 0)) -> 10
A17: P07 | B17: ='P07'!F12 -> 77.5 | C17: ='P07'!F7 -> N | D17: =IF(OR(ISBLANK('P07'!F5), ISBLANK('P07'!F6)), "", ROUND(('P07'!F6-'P07'!F5)*1440, 0)) -> 30
A18: Điểm SUS Trung bình: | B18: =IFERROR(AVERAGE(B11:B17), "") -> 46.785714
A20: Đánh giá Định tính (Adjective): | C20: =IF(B18="","",IF(B18<51,"Poor",IF(B18<68,"OK",IF(B18<80,"Good",IF(B18<=84,"Excellent","Best Imaginable"))))) -> Poor
A21: Khả năng Chấp nhận (Acceptability): | C21: =IF(B18="","",IF(B18<51,"Not Acceptable",IF(B18<=70,"Marginal","Acceptable"))) -> Not Acceptable
